{
  "timestamp": 1744495864.908829,
  "matches": [
    {
      "match_id": "8252426792",
      "date": "2025-04-12 22:10:58",
      "duration": "00:00",
      "radiant_team": {
        "id": "9245833",
        "name": "PA"
      },
      "dire_team": {
        "id": "9245835",
        "name": "MW"
      },
      "radiant_score": 0,
      "dire_score": 0,
      "total_kills": 0,
      "winner": "unknown",
      "match_type": "Best of 3 - Match 1"
    },
    {
      "match_id": "8251139214",
      "date": "2025-04-11 22:11:00",
      "duration": "00:00",
      "radiant_team": {
        "id": "9245833",
        "name": "PA"
      },
      "dire_team": {
        "id": "9245835",
        "name": "MW"
      },
      "radiant_score": 0,
      "dire_score": 0,
      "total_kills": 0,
      "winner": "unknown",
      "match_type": "Best of 3 - Match 2"
    },
    {
      "match_id": "8249536417",
      "date": "2025-04-10 22:11:03",
      "duration": "00:00",
      "radiant_team": {
        "id": "9245833",
        "name": "PA"
      },
      "dire_team": {
        "id": "9245835",
        "name": "MW"
      },
      "radiant_score": 0,
      "dire_score": 0,
      "total_kills": 0,
      "winner": "unknown",
      "match_type": "Best of 3 - Match 3"
    },
    {
      "match_id": "8244728417",
      "date": "2025-04-09 22:11:04",
      "duration": "00:00",
      "radiant_team": {
        "id": "9245833",
        "name": "PA"
      },
      "dire_team": {
        "id": "9245835",
        "name": "MW"
      },
      "radiant_score": 0,
      "dire_score": 0,
      "total_kills": 0,
      "winner": "unknown",
      "match_type": "Best of 3 - Match 4"
    },
    {
      "match_id": "8251168513",
      "date": "2025-04-08 22:11:04",
      "duration": "00:00",
      "radiant_team": {
        "id": "9245833",
        "name": "PA"
      },
      "dire_team": {
        "id": "9245835",
        "name": "MW"
      },
      "radiant_score": 0,
      "dire_score": 0,
      "total_kills": 0,
      "winner": "unknown",
      "match_type": "Best of 3 - Match 5"
    },
    {
      "match_id": "8247249904",
      "date": "2025-04-07 22:11:04",
      "duration": "00:00",
      "radiant_team": {
        "id": "9245833",
        "name": "PA"
      },
      "dire_team": {
        "id": "9245835",
        "name": "MW"
      },
      "radiant_score": 0,
      "dire_score": 0,
      "total_kills": 0,
      "winner": "unknown",
      "match_type": "Best of 3 - Match 6"
    },
    {
      "match_id": "8249479991",
      "date": "2025-04-06 22:11:04",
      "duration": "00:00",
      "radiant_team": {
        "id": "9245833",
        "name": "PA"
      },
      "dire_team": {
        "id": "9245835",
        "name": "MW"
      },
      "radiant_score": 0,
      "dire_score": 0,
      "total_kills": 0,
      "winner": "unknown",
      "match_type": "Best of 3 - Match 7"
    },
    {
      "match_id": "8248569718",
      "date": "2025-04-05 22:11:04",
      "duration": "00:00",
      "radiant_team": {
        "id": "9245833",
        "name": "PA"
      },
      "dire_team": {
        "id": "9245835",
        "name": "MW"
      },
      "radiant_score": 0,
      "dire_score": 0,
      "total_kills": 0,
      "winner": "unknown",
      "match_type": "Best of 3 - Match 8"
    },
    {
      "match_id": "8247303363",
      "date": "2025-04-04 22:11:04",
      "duration": "00:00",
      "radiant_team": {
        "id": "9245833",
        "name": "PA"
      },
      "dire_team": {
        "id": "9245835",
        "name": "MW"
      },
      "radiant_score": 0,
      "dire_score": 0,
      "total_kills": 0,
      "winner": "unknown",
      "match_type": "Best of 3 - Match 9"
    },
    {
      "match_id": "8248594805",
      "date": "2025-04-03 22:11:04",
      "duration": "00:00",
      "radiant_team": {
        "id": "9245833",
        "name": "PA"
      },
      "dire_team": {
        "id": "9245835",
        "name": "MW"
      },
      "radiant_score": 0,
      "dire_score": 0,
      "total_kills": 0,
      "winner": "unknown",
      "match_type": "Best of 3 - Match 10"
    },
    {
      "match_id": "8251202156",
      "date": "2025-04-02 22:11:04",
      "duration": "00:00",
      "radiant_team": {
        "id": "9245833",
        "name": "PA"
      },
      "dire_team": {
        "id": "9245835",
        "name": "MW"
      },
      "radiant_score": 0,
      "dire_score": 0,
      "total_kills": 0,
      "winner": "unknown",
      "match_type": "Best of 3 - Match 11"
    },
    {
      "match_id": "8244880744",
      "date": "2025-04-01 22:11:04",
      "duration": "00:00",
      "radiant_team": {
        "id": "9245833",
        "name": "PA"
      },
      "dire_team": {
        "id": "9245835",
        "name": "MW"
      },
      "radiant_score": 0,
      "dire_score": 0,
      "total_kills": 0,
      "winner": "unknown",
      "match_type": "Best of 3 - Match 12"
    },
    {
      "match_id": "8244810308",
      "date": "2025-03-31 22:11:04",
      "duration": "00:00",
      "radiant_team": {
        "id": "9245833",
        "name": "PA"
      },
      "dire_team": {
        "id": "9245835",
        "name": "MW"
      },
      "radiant_score": 0,
      "dire_score": 0,
      "total_kills": 0,
      "winner": "unknown",
      "match_type": "Best of 3 - Match 13"
    }
  ]
}